customer_id,monthly_transactions,avg_transaction_value,account_age_months,num_products
1,8.25,695.85,52,3
2,8.32,745.69,9,2
3,7.88,692.98,17,4
4,8.79,723.02,50,5
5,7.77,716.28,7,1
6,7.77,686.03,32,5
7,8.12,642.6,36,2
8,7.14,683.13,56,5
9,7.49,709.43,56,1
10,7.55,657.63,41,2
11,8.73,693.23,41,5
12,8.03,657.26,31,4
13,7.73,703.33,48,2
14,7.42,711.27,32,2
15,7.7,691.25,10,4
16,7.7,755.57,25,3
17,7.99,668.27,16,1
18,8.41,663.37,15,3
19,8.1,641.21,45,5
20,7.34,705.91,43,4
21,8.37,705.14,11,3
22,7.94,690.97,13,2
23,7.26,678.4,28,5
24,7.77,731.71,52,5
25,8.17,647.11,31,3
26,8.16,688.45,51,3
27,7.66,718.35,48,4
28,8.52,727.94,17,1
29,7.58,690.72,31,3
30,8.17,729.27,18,3
31,7.76,694.43,45,2
32,7.45,664.11,23,5
33,8.41,740.69,30,1
34,7.96,730.11,38,2
35,8.18,680.65,52,4
36,8.18,746.14,45,4
37,7.98,746.94,48,3
38,6.69,724.66,17,3
39,8.04,691.03,49,4
40,8.05,640.37,41,3
41,7.89,710.71,53,1
42,8.74,684.45,9,3
43,7.6,684.95,10,5
44,8.46,709.86,42,3
45,7.74,715.4,13,2
46,8.05,729.06,47,1
47,7.65,690.17,54,2
48,7.8,656.09,33,2
49,8.15,707.83,36,5
50,8.0,692.96,14,1
51,7.29,687.38,59,1
52,7.83,675.93,56,1
53,7.92,712.12,34,1
54,8.94,705.24,19,1
55,8.13,697.77,45,5
56,7.04,699.2,46,3
57,8.03,773.9,27,2
58,7.9,709.05,16,1
59,7.98,664.94,28,3
60,8.57,722.56,6,3
61,8.4,672.72,51,2
62,8.7,657.94,42,5
63,8.29,765.71,26,4
64,7.5,683.01,31,4
65,8.05,684.9,51,3
66,7.22,702.06,41,2
67,7.47,714.21,59,4
68,7.54,746.5,28,3
69,7.61,690.34,6,5
70,8.41,663.07,59,4
71,8.11,739.21,56,3
72,7.2,705.54,45,3
73,8.13,723.45,20,1
74,7.38,660.39,26,5
75,8.26,708.91,52,1
76,8.13,710.39,14,2
77,7.66,706.97,58,1
78,8.15,678.57,14,1
79,8.93,714.21,15,4
80,7.4,719.7,57,3
81,7.51,723.61,58,5
82,8.58,675.38,31,1
83,8.48,712.38,46,5
84,8.41,756.9,40,1
85,7.88,677.39,57,2
86,7.56,675.53,30,1
87,7.96,710.23,31,4
88,8.14,724.82,16,3
89,8.01,743.61,43,2
90,7.87,781.61,7,1
91,8.31,674.29,12,5
92,7.46,714.47,23,2
93,7.89,721.42,32,2
94,8.24,697.82,39,1
95,7.58,654.55,32,2
96,7.78,725.69,22,5
97,8.11,662.63,48,2
98,8.09,711.56,49,5
99,7.56,704.61,56,1
100,8.03,665.71,59,3
101,2.21,322.43,29,2
102,2.65,342.15,30,3
103,1.17,262.49,12,5
104,2.31,320.55,57,2
105,2.31,454.11,11,4
106,2.34,345.42,58,3
107,2.57,326.06,29,2
108,1.81,330.36,38,3
109,1.54,290.53,54,2
110,1.71,303.27,34,1
111,3.39,225.31,48,3
112,2.41,235.49,27,4
113,1.72,343.56,31,4
114,2.04,256.89,33,5
115,1.57,327.18,55,2
116,1.56,308.66,26,3
117,2.03,273.94,54,5
118,3.29,325.36,12,3
119,0.78,307.46,22,2
120,1.6,334.1,25,4
121,1.52,295.41,46,1
122,2.3,334.63,54,4
123,1.28,286.62,25,5
124,1.72,273.87,59,1
125,3.06,316.2,27,5
126,1.24,336.71,33,2
127,3.27,341.3,45,1
128,1.09,280.63,54,5
129,2.76,271.69,12,2
130,2.27,330.99,6,4
131,1.44,297.62,37,2
132,0.06,259.02,18,3
133,1.85,250.09,35,2
134,2.98,242.79,28,2
135,1.74,305.23,56,3
136,2.86,242.57,24,5
137,2.7,300.41,37,5
138,1.41,318.48,35,2
139,2.12,275.99,34,3
140,2.04,284.59,54,3
141,2.07,326.49,50,4
142,2.95,250.49,34,5
143,3.28,221.92,35,1
144,1.91,323.53,21,5
145,2.17,275.09,45,5
146,1.88,280.28,24,4
147,1.65,333.98,23,1
148,2.21,272.28,6,4
149,2.54,312.29,19,1
150,2.49,325.19,56,2
151,1.5,277.59,52,1
152,2.45,324.41,55,4
153,1.99,304.69,7,5
154,2.77,276.34,59,1
155,2.33,291.91,33,1
156,1.87,343.95,54,3
157,2.5,332.54,55,5
158,2.78,300.84,35,2
159,2.41,287.59,43,4
160,2.19,294.79,56,2
161,2.06,323.81,9,5
162,1.51,383.7,6,1
163,1.4,251.43,13,1
164,2.69,331.67,34,5
165,2.37,325.13,44,1
166,1.99,264.11,8,1
167,2.05,272.91,37,1
168,2.59,294.12,15,4
169,1.5,287.14,15,4
170,2.25,277.45,24,3
171,1.51,309.75,51,2
172,2.15,279.72,39,5
173,1.72,309.28,38,5
174,1.13,243.7,28,5
175,1.57,291.46,33,3
176,2.19,359.01,37,4
177,2.51,293.6,55,3
178,1.99,259.9,12,5
179,1.99,288.45,34,2
180,2.19,266.91,13,1
181,2.31,361.31,6,4
182,1.93,316.07,8,4
183,2.41,283.95,29,3
184,2.13,300.5,28,4
185,2.06,269.08,13,5
186,2.01,319.92,59,5
187,2.87,338.37,52,3
188,3.29,269.31,42,5
189,2.52,307.33,8,2
190,3.31,267.67,56,3
191,1.5,276.02,38,2
192,0.73,278.97,33,1
193,1.54,306.02,52,2
194,2.21,375.05,13,1
195,2.57,276.92,39,1
196,1.46,319.68,40,2
197,1.21,373.26,37,3
198,2.71,281.23,29,5
199,0.97,354.15,19,5
200,1.93,349.51,37,1
201,3.88,470.03,51,1
202,5.0,502.35,48,3
203,4.68,531.14,21,4
204,4.25,492.88,9,2
205,5.08,525.72,57,1
206,5.5,443.77,42,5
207,3.93,563.88,59,3
208,5.23,462.58,26,2
209,6.09,505.78,19,3
210,5.83,503.38,36,2
211,6.44,587.77,53,2
212,4.83,548.58,23,1
213,5.45,568.43,12,3
214,4.32,534.3,15,3
215,5.74,412.06,12,5
216,4.17,398.04,38,5
217,4.81,535.88,28,1
218,6.05,503.7,26,1
219,6.14,430.99,24,4
220,3.81,497.22,53,5
221,5.27,498.37,24,2
222,3.55,495.54,41,3
223,4.09,533.48,34,1
224,5.26,453.01,23,3
225,4.64,447.04,7,3
226,4.96,547.76,6,4
227,4.31,525.2,52,5
228,4.63,460.36,10,1
229,4.93,448.24,25,3
230,4.61,440.11,16,1
231,6.38,501.76,47,2
232,4.51,510.7,7,4
233,4.92,488.95,8,2
234,5.43,537.88,28,1
235,4.63,471.21,17,1
236,4.81,384.9,25,5
237,3.94,568.34,10,3
238,6.15,487.55,42,3
239,5.4,515.56,43,2
240,7.16,555.98,35,4
241,4.91,452.22,14,3
242,3.88,510.17,39,5
243,4.47,428.89,58,2
244,4.55,445.92,49,2
245,6.18,544.08,40,5
246,4.99,574.0,57,4
247,5.05,456.94,27,5
248,6.07,526.95,49,4
249,4.27,490.48,29,5
250,4.39,430.86,22,5
251,5.65,595.47,15,1
252,4.02,528.15,35,2
253,4.54,475.64,51,5
254,4.59,456.8,28,5
255,5.03,458.45,37,3
256,5.19,497.49,22,2
257,4.83,454.62,55,3
258,4.6,537.77,56,2
259,5.35,451.12,22,3
260,5.07,537.57,19,5
261,3.83,527.17,14,5
262,4.54,528.53,45,1
263,4.47,409.76,7,3
264,3.86,502.4,50,4
265,5.18,454.78,30,1
266,5.45,416.92,44,3
267,4.95,439.45,14,3
268,4.54,502.37,59,1
269,4.4,480.77,27,5
270,5.7,471.16,48,3
271,5.58,443.51,51,5
272,5.37,572.08,9,1
273,3.27,460.16,31,5
274,5.4,489.85,34,2
275,5.26,469.8,50,4
276,5.06,492.22,39,3
277,5.82,512.72,28,4
278,5.24,479.41,42,5
279,4.66,478.37,16,3
280,5.28,478.95,11,5
281,5.2,603.77,23,2
282,5.61,483.7,26,1
283,5.84,479.6,47,3
284,3.57,449.6,41,2
285,3.69,482.42,46,2
286,5.01,583.82,43,3
287,5.23,489.04,39,5
288,5.58,389.44,22,2
289,5.16,538.54,42,4
290,3.96,557.19,30,2
291,5.24,479.24,43,5
292,5.44,613.53,17,5
293,5.13,512.41,28,4
294,4.68,457.51,58,2
295,5.58,457.2,47,5
296,5.05,476.12,27,3
297,5.34,516.68,26,1
298,5.73,474.5,32,1
299,4.81,451.06,36,1
300,4.69,518.87,11,2
